<?xml version="1.0" encoding="UTF-8"?>
<beans xmlns="http://www.springframework.org/schema/beans"
       xmlns:xsi="http://www.w3.org/2001/XMLSchema-instance"
       xmlns:context="http://www.springframework.org/schema/context"
       xmlns:tx="http://www.springframework.org/schema/tx"
       xmlns:aop="http://www.springframework.org/schema/aop"
       xsi:schemaLocation="
       	http://www.springframework.org/schema/beans	http://www.springframework.org/schema/beans/spring-beans.xsd
       	http://www.springframework.org/schema/context http://www.springframework.org/schema/context/spring-context.xsd
       	http://www.springframework.org/schema/tx http://www.springframework.org/schema/tx/spring-tx.xsd
       	http://www.springframework.org/schema/aop http://www.springframework.org/schema/aop/spring-aop.xsd">

    <!--配置IOC相关操作:开启注解扫描-->
    <context:component-scan base-package="com.itcast.itcaststore.service"></context:component-scan>
    <!--spring整合mybatis开始...................-->
    <context:property-placeholder location="classpath:jdbc.properties" ignore-unresolvable="true"></context:property-placeholder>

    <bean id="dataSource" class="com.alibaba.druid.pool.DruidDataSource">
        <property name="driverClassName" value="${jdbc.driver}"/>
        <property name="url" value="${jdbc.url}"/>
        <property name="username" value="${jdbc.username}"/>
        <property name="password" value="${jdbc.password}"/>
    </bean>
    <bean id="javaMailSender" class="org.springframework.mail.javamail.JavaMailSenderImpl">
        <property name="host" value="${mail.smtp.host}"/>
        <property name="username" value="${mail.smtp.username}"/>
        <property name="password" value="${mail.smtp.password}"/>
        <property name="defaultEncoding" value="${mail.smtp.defaultEncoding}"/>
        <property name="javaMailProperties">
            <props>
                <prop key="mail.smtp.auth">${mail.smtp.auth}</prop>
                <prop key="mail.smtp.timeout">${mail.smtp.timeout}</prop>
            </props>
        </property>
    </bean>
    <!--sqlSessionFactory的创建权交给了spring 生产sqlSession-->
    <bean id="sqlSessionFactory" class="org.mybatis.spring.SqlSessionFactoryBean">
        <property name="dataSource" ref="dataSource"></property>
        <property name="typeAliasesPackage" value="com.itcast.itcaststore.domain"></property>

        <!--引入加载mybatis的核心配置文件，可以不用去加载-->
        <!-- <property name="configLocation" value="classpath:SqlMapConfig.xml"></property>-->
    </bean>

    <!--mapper映射扫描 MapperScannerConfigurer扫描该包下所有接口，生成代理对象存到IOC容器中-->
    <bean class="org.mybatis.spring.mapper.MapperScannerConfigurer">
        <property name="basePackage" value="com.itcast.itcaststore.mapper"></property>
    </bean>
    <!--spring整合mybatis结束..........-->

    <!--spring的声明式事务-->
    <!--1.事务管理器-->
    <bean id="transactionManager" class="org.springframework.jdbc.datasource.DataSourceTransactionManager">
        <property name="dataSource" ref="dataSource"></property>
    </bean>
    <tx:advice id="txAdvice" transaction-manager="transactionManager">
        <tx:attributes>
            <tx:method name="*" propagation="REQUIRED" read-only="false"/>
            <tx:method name="find*" propagation="SUPPORTS" read-only="true"></tx:method>
        </tx:attributes>
    </tx:advice>

<!--    &lt;!&ndash;2.开始事务注解的支持&ndash;&gt;-->
<!--    <tx:annotation-driven/>-->
    <aop:aspectj-autoproxy proxy-target-class = "true"> </aop:aspectj-autoproxy>
    <!--邮件配置-->
    <context:property-placeholder location="classpath:mail.properties" ignore-unresolvable="true"/>
    <!--配置邮件接口-->


</beans>