<beans xmlns="http://www.springframework.org/schema/beans"
       xmlns:mvc="http://www.springframework.org/schema/mvc"
       xmlns:context="http://www.springframework.org/schema/context"
       xmlns:xsi="http://www.w3.org/2001/XMLSchema-instance"
       xsi:schemaLocation="http://www.springframework.org/schema/beans
    http://www.springframework.org/schema/beans/spring-beans.xsd
    http://www.springframework.org/schema/mvc
    http://www.springframework.org/schema/mvc/spring-mvc.xsd
    http://www.springframework.org/schema/context
    http://www.springframework.org/schema/context/spring-context.xsd">

    <!--1.组件扫描：只扫描controller-->
    <context:component-scan base-package="com.itcast.itcaststore.controller"></context:component-scan>

    <!--2.mvc注解增强:处理器映射器及处理器适配器-->
    <mvc:annotation-driven></mvc:annotation-driven>

    <!--3.视图解析器-->
    <bean id="resourceViewResolve" class="org.springframework.web.servlet.view.InternalResourceViewResolver">
        <property name="prefix" value="/"></property>
        <property name="suffix" value=".jsp"></property>
    </bean>

    <!--4.放行静态资源-->
    <mvc:default-servlet-handler></mvc:default-servlet-handler>

    <!-- 配置文件上传解析器，将上传的文件封装为CommonsMultipartFile -->
    <bean id="multipartResolver" class="org.springframework.web.multipart.commons.CommonsMultipartResolver">
        <!--1048576 1024*1024-->
        <property name="maxUploadSize" value="10485760"></property>
    </bean>

    <mvc:resources location="/js" mapping="/**/*.js"/>
    <mvc:resources location="/css" mapping="/**/*.css"/>
    <mvc:resources location="/img/" mapping="/img/**"/>
    <mvc:resources location="/images/" mapping="/images/**"/>
    <mvc:resources location="/productImg" mapping="/productImg/**"/>
</beans>